--
-- PostgreSQL database dump
--

-- Dumped from database version 14.15
-- Dumped by pg_dump version 14.15

SET statement_timeout = 0;
SET lock_timeout = 0;
SET idle_in_transaction_session_timeout = 0;
SET client_encoding = 'UTF8';
SET standard_conforming_strings = on;
SELECT pg_catalog.set_config('search_path', '', false);
SET check_function_bodies = false;
SET xmloption = content;
SET client_min_messages = warning;
SET row_security = off;

SET default_tablespace = '';

SET default_table_access_method = heap;

--
-- Name: contact; Type: TABLE; Schema: public; Owner: root
--

CREATE TABLE public.contact (
    id bigint NOT NULL,
    created_at timestamp(6) without time zone NOT NULL,
    email character varying(255),
    message character varying(255),
    title character varying(255),
    updated_at timestamp(6) without time zone NOT NULL,
    username character varying(255)
);


ALTER TABLE public.contact OWNER TO root;

--
-- Name: contact_id_seq; Type: SEQUENCE; Schema: public; Owner: root
--

ALTER TABLE public.contact ALTER COLUMN id ADD GENERATED BY DEFAULT AS IDENTITY (
    SEQUENCE NAME public.contact_id_seq
    START WITH 1
    INCREMENT BY 1
    NO MINVALUE
    NO MAXVALUE
    CACHE 1
);


--
-- Name: feedback; Type: TABLE; Schema: public; Owner: root
--

CREATE TABLE public.feedback (
    id bigint NOT NULL,
    created_at timestamp(6) without time zone NOT NULL,
    image character varying(255),
    message character varying(255) NOT NULL,
    rating integer NOT NULL,
    title character varying(255) NOT NULL,
    updated_at timestamp(6) without time zone NOT NULL,
    user_id bigint NOT NULL
);


ALTER TABLE public.feedback OWNER TO root;

--
-- Name: feedback_id_seq; Type: SEQUENCE; Schema: public; Owner: root
--

ALTER TABLE public.feedback ALTER COLUMN id ADD GENERATED BY DEFAULT AS IDENTITY (
    SEQUENCE NAME public.feedback_id_seq
    START WITH 1
    INCREMENT BY 1
    NO MINVALUE
    NO MAXVALUE
    CACHE 1
);


--
-- Name: locations; Type: TABLE; Schema: public; Owner: root
--

CREATE TABLE public.locations (
    id integer NOT NULL,
    user_id integer NOT NULL,
    address character varying(255) NOT NULL,
    city character varying(100) NOT NULL,
    state character varying(100),
    zip_code character varying(20),
    created_at timestamp without time zone DEFAULT CURRENT_TIMESTAMP,
    updated_at timestamp without time zone DEFAULT CURRENT_TIMESTAMP
);


ALTER TABLE public.locations OWNER TO root;

--
-- Name: locations_id_seq; Type: SEQUENCE; Schema: public; Owner: root
--

CREATE SEQUENCE public.locations_id_seq
    AS integer
    START WITH 1
    INCREMENT BY 1
    NO MINVALUE
    NO MAXVALUE
    CACHE 1;


ALTER TABLE public.locations_id_seq OWNER TO root;

--
-- Name: locations_id_seq; Type: SEQUENCE OWNED BY; Schema: public; Owner: root
--

ALTER SEQUENCE public.locations_id_seq OWNED BY public.locations.id;


--
-- Name: order_image; Type: TABLE; Schema: public; Owner: root
--

CREATE TABLE public.order_image (
    id bigint NOT NULL,
    created_at timestamp(6) without time zone NOT NULL,
    order_id bigint,
    image character varying(255),
    updated_at timestamp(6) without time zone NOT NULL
);


ALTER TABLE public.order_image OWNER TO root;

--
-- Name: order_image_id_seq; Type: SEQUENCE; Schema: public; Owner: root
--

ALTER TABLE public.order_image ALTER COLUMN id ADD GENERATED BY DEFAULT AS IDENTITY (
    SEQUENCE NAME public.order_image_id_seq
    START WITH 1
    INCREMENT BY 1
    NO MINVALUE
    NO MAXVALUE
    CACHE 1
);


--
-- Name: orders; Type: TABLE; Schema: public; Owner: root
--

CREATE TABLE public.orders (
    id bigint NOT NULL,
    created_at timestamp(6) without time zone,
    employee_id bigint,
    service_id bigint,
    status character varying(50) NOT NULL,
    updated_at timestamp(6) without time zone,
    date_from timestamp(6) without time zone,
    date_to timestamp(6) without time zone,
    customer_id bigint,
    is_paid boolean DEFAULT false,
    address character varying(255)
);


ALTER TABLE public.orders OWNER TO root;

--
-- Name: orders_id_seq; Type: SEQUENCE; Schema: public; Owner: root
--

ALTER TABLE public.orders ALTER COLUMN id ADD GENERATED BY DEFAULT AS IDENTITY (
    SEQUENCE NAME public.orders_id_seq
    START WITH 1
    INCREMENT BY 1
    NO MINVALUE
    NO MAXVALUE
    CACHE 1
);


--
-- Name: reviews; Type: TABLE; Schema: public; Owner: root
--

CREATE TABLE public.reviews (
    id integer NOT NULL,
    order_id integer NOT NULL,
    customer_id integer NOT NULL,
    worker_id integer NOT NULL,
    rating integer NOT NULL,
    comment text,
    created_at timestamp without time zone DEFAULT CURRENT_TIMESTAMP,
    CONSTRAINT reviews_rating_check CHECK (((rating >= 1) AND (rating <= 5)))
);


ALTER TABLE public.reviews OWNER TO root;

--
-- Name: reviews_id_seq; Type: SEQUENCE; Schema: public; Owner: root
--

CREATE SEQUENCE public.reviews_id_seq
    AS integer
    START WITH 1
    INCREMENT BY 1
    NO MINVALUE
    NO MAXVALUE
    CACHE 1;


ALTER TABLE public.reviews_id_seq OWNER TO root;

--
-- Name: reviews_id_seq; Type: SEQUENCE OWNED BY; Schema: public; Owner: root
--

ALTER SEQUENCE public.reviews_id_seq OWNED BY public.reviews.id;


--
-- Name: service_feedback; Type: TABLE; Schema: public; Owner: root
--

CREATE TABLE public.service_feedback (
    id bigint NOT NULL,
    created_at timestamp(6) without time zone NOT NULL,
    image character varying(255),
    message character varying(255) NOT NULL,
    rating integer NOT NULL,
    service_id bigint NOT NULL,
    title character varying(255) NOT NULL,
    updated_at timestamp(6) without time zone NOT NULL,
    user_id bigint NOT NULL
);


ALTER TABLE public.service_feedback OWNER TO root;

--
-- Name: service_feedback_id_seq; Type: SEQUENCE; Schema: public; Owner: root
--

ALTER TABLE public.service_feedback ALTER COLUMN id ADD GENERATED BY DEFAULT AS IDENTITY (
    SEQUENCE NAME public.service_feedback_id_seq
    START WITH 1
    INCREMENT BY 1
    NO MINVALUE
    NO MAXVALUE
    CACHE 1
);


--
-- Name: services; Type: TABLE; Schema: public; Owner: root
--

CREATE TABLE public.services (
    id bigint NOT NULL,
    created_at timestamp without time zone DEFAULT CURRENT_TIMESTAMP NOT NULL,
    customer_id bigint NOT NULL,
    description character varying(255) NOT NULL,
    name character varying(1000) NOT NULL,
    price double precision NOT NULL,
    price_per_hour double precision NOT NULL,
    status character varying(50) NOT NULL,
    updated_at timestamp without time zone DEFAULT CURRENT_TIMESTAMP,
    address character varying(255),
    phone character varying(255),
    "time" character varying(255),
    tag character varying(255)
);


ALTER TABLE public.services OWNER TO root;

--
-- Name: services_id_seq; Type: SEQUENCE; Schema: public; Owner: root
--

ALTER TABLE public.services ALTER COLUMN id ADD GENERATED BY DEFAULT AS IDENTITY (
    SEQUENCE NAME public.services_id_seq
    START WITH 1
    INCREMENT BY 1
    NO MINVALUE
    NO MAXVALUE
    CACHE 1
);


--
-- Name: users; Type: TABLE; Schema: public; Owner: root
--

CREATE TABLE public.users (
    id bigint NOT NULL,
    full_name character varying(100) NOT NULL,
    email character varying(150) NOT NULL,
    phone_number character varying(15) NOT NULL,
    password character varying(255) NOT NULL,
    role character varying(255) NOT NULL,
    created_at timestamp without time zone DEFAULT CURRENT_TIMESTAMP,
    updated_at timestamp without time zone DEFAULT CURRENT_TIMESTAMP,
    avatar character varying(255),
    code character varying(255),
    address character varying(255),
    CONSTRAINT users_role_check CHECK (((role)::text = ANY (ARRAY[('admin'::character varying)::text, ('employee'::character varying)::text, ('customer'::character varying)::text])))
);


ALTER TABLE public.users OWNER TO root;

--
-- Name: users_id_seq; Type: SEQUENCE; Schema: public; Owner: root
--

CREATE SEQUENCE public.users_id_seq
    AS integer
    START WITH 1
    INCREMENT BY 1
    NO MINVALUE
    NO MAXVALUE
    CACHE 1;


ALTER TABLE public.users_id_seq OWNER TO root;

--
-- Name: users_id_seq; Type: SEQUENCE OWNED BY; Schema: public; Owner: root
--

ALTER SEQUENCE public.users_id_seq OWNED BY public.users.id;


--
-- Name: wallet_transactions; Type: TABLE; Schema: public; Owner: root
--

CREATE TABLE public.wallet_transactions (
    id integer NOT NULL,
    wallet_id integer NOT NULL,
    transaction_type character varying(20) NOT NULL,
    amount numeric(15,2) NOT NULL,
    status character varying(20) DEFAULT 'pending'::character varying NOT NULL,
    transaction_date timestamp without time zone DEFAULT CURRENT_TIMESTAMP,
    description text,
    created_at timestamp without time zone DEFAULT CURRENT_TIMESTAMP,
    updated_at timestamp without time zone DEFAULT CURRENT_TIMESTAMP,
    CONSTRAINT wallet_transactions_amount_check CHECK ((amount > (0)::numeric)),
    CONSTRAINT wallet_transactions_status_check CHECK (((status)::text = ANY ((ARRAY['pending'::character varying, 'completed'::character varying, 'failed'::character varying])::text[]))),
    CONSTRAINT wallet_transactions_transaction_type_check CHECK (((transaction_type)::text = ANY ((ARRAY['deposit'::character varying, 'withdrawal'::character varying])::text[])))
);


ALTER TABLE public.wallet_transactions OWNER TO root;

--
-- Name: wallet_transactions_id_seq; Type: SEQUENCE; Schema: public; Owner: root
--

CREATE SEQUENCE public.wallet_transactions_id_seq
    AS integer
    START WITH 1
    INCREMENT BY 1
    NO MINVALUE
    NO MAXVALUE
    CACHE 1;


ALTER TABLE public.wallet_transactions_id_seq OWNER TO root;

--
-- Name: wallet_transactions_id_seq; Type: SEQUENCE OWNED BY; Schema: public; Owner: root
--

ALTER SEQUENCE public.wallet_transactions_id_seq OWNED BY public.wallet_transactions.id;


--
-- Name: wallets; Type: TABLE; Schema: public; Owner: root
--

CREATE TABLE public.wallets (
    id bigint NOT NULL,
    user_id bigint NOT NULL,
    balance double precision DEFAULT 0.00 NOT NULL,
    created_at timestamp without time zone DEFAULT CURRENT_TIMESTAMP,
    updated_at timestamp without time zone DEFAULT CURRENT_TIMESTAMP
);


ALTER TABLE public.wallets OWNER TO root;

--
-- Name: wallets_id_seq; Type: SEQUENCE; Schema: public; Owner: root
--

CREATE SEQUENCE public.wallets_id_seq
    AS integer
    START WITH 1
    INCREMENT BY 1
    NO MINVALUE
    NO MAXVALUE
    CACHE 1;


ALTER TABLE public.wallets_id_seq OWNER TO root;

--
-- Name: wallets_id_seq; Type: SEQUENCE OWNED BY; Schema: public; Owner: root
--

ALTER SEQUENCE public.wallets_id_seq OWNED BY public.wallets.id;


--
-- Name: worker_availability; Type: TABLE; Schema: public; Owner: root
--

CREATE TABLE public.worker_availability (
    id integer NOT NULL,
    worker_id integer NOT NULL,
    available_date date NOT NULL,
    start_time time without time zone NOT NULL,
    end_time time without time zone NOT NULL,
    created_at timestamp without time zone DEFAULT CURRENT_TIMESTAMP,
    updated_at timestamp without time zone DEFAULT CURRENT_TIMESTAMP
);


ALTER TABLE public.worker_availability OWNER TO root;

--
-- Name: worker_availability_id_seq; Type: SEQUENCE; Schema: public; Owner: root
--

CREATE SEQUENCE public.worker_availability_id_seq
    AS integer
    START WITH 1
    INCREMENT BY 1
    NO MINVALUE
    NO MAXVALUE
    CACHE 1;


ALTER TABLE public.worker_availability_id_seq OWNER TO root;

--
-- Name: worker_availability_id_seq; Type: SEQUENCE OWNED BY; Schema: public; Owner: root
--

ALTER SEQUENCE public.worker_availability_id_seq OWNED BY public.worker_availability.id;


--
-- Name: locations id; Type: DEFAULT; Schema: public; Owner: root
--

ALTER TABLE ONLY public.locations ALTER COLUMN id SET DEFAULT nextval('public.locations_id_seq'::regclass);


--
-- Name: reviews id; Type: DEFAULT; Schema: public; Owner: root
--

ALTER TABLE ONLY public.reviews ALTER COLUMN id SET DEFAULT nextval('public.reviews_id_seq'::regclass);


--
-- Name: users id; Type: DEFAULT; Schema: public; Owner: root
--

ALTER TABLE ONLY public.users ALTER COLUMN id SET DEFAULT nextval('public.users_id_seq'::regclass);


--
-- Name: wallet_transactions id; Type: DEFAULT; Schema: public; Owner: root
--

ALTER TABLE ONLY public.wallet_transactions ALTER COLUMN id SET DEFAULT nextval('public.wallet_transactions_id_seq'::regclass);


--
-- Name: wallets id; Type: DEFAULT; Schema: public; Owner: root
--

ALTER TABLE ONLY public.wallets ALTER COLUMN id SET DEFAULT nextval('public.wallets_id_seq'::regclass);


--
-- Name: worker_availability id; Type: DEFAULT; Schema: public; Owner: root
--

ALTER TABLE ONLY public.worker_availability ALTER COLUMN id SET DEFAULT nextval('public.worker_availability_id_seq'::regclass);


--
-- Data for Name: contact; Type: TABLE DATA; Schema: public; Owner: root
--

COPY public.contact (id, created_at, email, message, title, updated_at, username) FROM stdin;
1	2024-12-08 20:58:16.611	nguyenvana@gamil.com	Tạo dịch vụ	Giúp đỡ 	2024-12-08 20:58:16.611	Le
2	2024-12-08 21:40:17.2	Levana@gmail.com	Hoong dan dung dich vu	Hoong dan dung dich vu	2024-12-08 21:40:17.2	Levana
\.


--
-- Data for Name: feedback; Type: TABLE DATA; Schema: public; Owner: root
--

COPY public.feedback (id, created_at, image, message, rating, title, updated_at, user_id) FROM stdin;
6	2024-12-08 19:05:18.454	\N	Xây dựng Website phát triển kỹ năng hùng biện tích hợp AI"\nTên Webstie: DebateUp\nĐối tượng hướng tới: Dành cho học sinh sinh viên\nMô tả chức năng\n	0	hình thức phục vụ và công ti tốt	2024-12-08 19:05:18.454	4
9	2024-12-08 21:38:49.233	\N	lấy phí sàn quá cao	2	lấy phí sàn quá cao	2024-12-08 21:38:49.233	4
\.


--
-- Data for Name: locations; Type: TABLE DATA; Schema: public; Owner: root
--

COPY public.locations (id, user_id, address, city, state, zip_code, created_at, updated_at) FROM stdin;
\.


--
-- Data for Name: order_image; Type: TABLE DATA; Schema: public; Owner: root
--

COPY public.order_image (id, created_at, order_id, image, updated_at) FROM stdin;
1	2024-11-28 11:47:52.208	20	381b0282-fb98-464a-82fa-81a81c609f90.jpg	2024-11-28 11:47:52.208
2	2024-11-28 11:47:59.553	20	1cb3bd76-f137-4230-99bf-20a14b2bcc4a.png	2024-11-28 11:47:59.553
5	2024-12-08 21:35:51.23	25	dc29c6e4-2d46-4358-b76a-e01391b84d23.jpg	2024-12-08 21:35:51.23
6	2024-12-10 22:53:33.588	26	c4cfdbdf-d4ee-42d0-b40a-120bdc30115f.png	2024-12-10 22:53:33.588
\.


--
-- Data for Name: orders; Type: TABLE DATA; Schema: public; Owner: root
--

COPY public.orders (id, created_at, employee_id, service_id, status, updated_at, date_from, date_to, customer_id, is_paid, address) FROM stdin;
28	2024-12-10 22:52:39.696	4	14	processing	2024-12-10 22:53:17.058	2024-12-20 22:52:00	2024-12-29 22:52:00	14	\N	Quận 1
27	2024-12-10 22:51:23.488	4	13	processing	2024-12-10 22:53:18.752	2024-11-28 22:51:00	2024-12-20 22:51:00	14	\N	\N
26	2024-12-10 22:50:32.588	4	13	success	2024-12-10 22:54:22.427	2024-12-14 22:50:00	2024-12-28 22:50:00	14	t	\N
20	2024-11-28 01:05:12.985	4	13	success	2024-12-02 21:37:53.315	2024-11-23 07:00:00	2024-11-29 07:00:00	5	\N	\N
24	2024-12-02 21:39:34.055	4	14	success	2024-12-02 21:41:34.546	2024-12-14 21:39:00	2024-12-02 21:39:00	5	t	\N
21	2024-11-28 01:54:38.595	4	13	success	2024-12-02 21:47:12.484	2024-11-23 07:00:00	2024-11-30 07:00:00	4	t	\N
25	2024-12-08 21:34:28.777	4	13	success	2024-12-08 21:36:25.699	2024-12-20 21:34:00	2024-12-22 21:34:00	5	t	\N
\.


--
-- Data for Name: reviews; Type: TABLE DATA; Schema: public; Owner: root
--

COPY public.reviews (id, order_id, customer_id, worker_id, rating, comment, created_at) FROM stdin;
\.


--
-- Data for Name: service_feedback; Type: TABLE DATA; Schema: public; Owner: root
--

COPY public.service_feedback (id, created_at, image, message, rating, service_id, title, updated_at, user_id) FROM stdin;
1	2024-12-08 20:39:57.957	\N	phuc vu tot	4	13	chat luong 	2024-12-08 20:39:57.957	5
2	2024-12-08 20:41:03.811	\N	chat lượng phục vụ tốt	4	13	chất lượng	2024-12-08 20:41:03.811	5
3	2024-12-08 21:37:33.247	\N	Hoanh thanh tot	4	13	Hoanh thanh tot	2024-12-08 21:37:33.247	5
\.


--
-- Data for Name: services; Type: TABLE DATA; Schema: public; Owner: root
--

COPY public.services (id, created_at, customer_id, description, name, price, price_per_hour, status, updated_at, address, phone, "time", tag) FROM stdin;
14	2024-11-28 16:32:01.127	3	lau nhà	Lau nhà	10000	1000	active	2024-12-10 22:16:20.307	123	091231238	2 ngay	trending
13	2024-11-27 23:49:02.083	3	abc	Quét nhà	1000	100	active	2024-12-10 22:43:19.203	abc	091238123	2 ngay 	trending
\.


--
-- Data for Name: users; Type: TABLE DATA; Schema: public; Owner: root
--

COPY public.users (id, full_name, email, phone_number, password, role, created_at, updated_at, avatar, code, address) FROM stdin;
5	customer	customer@gmail.com	12345678	$2a$10$MMsadYgSBL05q0PA5ZmBmOKtWRNr8Hp5j8w83skOXYGKusIWAsFsK	customer	2024-11-25 11:02:31.881619	2024-11-25 11:21:45.049416	\N	\N	\N
3	admin1	admin@gmail.com	09123411	$2a$10$4vZmZlvysvrso1yd2WWGzu64GGyJN6bll3jKfJyzo2/.Vew.F0tsq	admin	2024-11-25 01:19:10.408799	2024-11-27 23:37:54.938	\N	123123	123123
4	employee	employee@gmail.com	0921374123	$2a$10$8Qsay5wTm4eatpJwU71KvuGE9PWxEz.hVHJKi38o.2hla1m2yYYgu	employee	2024-11-25 10:55:49.129933	2024-11-28 16:35:02.068	\N	\N	\N
12	Nguyen van a	nguyenvana@gmail.com	0912381231	$2a$10$tljEK1wX2JLniTWSaRkHYOXlAa9nQUtxIhjpSPPhu2bb.NV5y6OC2	customer	2024-12-10 21:56:56.626	2024-12-10 21:56:56.626	\N	\N	\N
13	abc	abc@gamil.com	0912374123	$2a$10$eJ1zh9nm6ssPcteT6Yxg6.WbqIGHu9DZLbzNYuA582v0In9oRaTo6	customer	2024-12-10 21:57:44.458	2024-12-10 21:57:44.458	\N	\N	\N
14	toan	toan@gmail.com	0123894812	$2a$10$zxyjs816LQeBJFaCFDsdt.KWimzCU4HptBKaQ4dygj2iuXeT4WlbK	customer	2024-12-10 22:00:52.976	2024-12-10 22:00:52.976	\N	\N	\N
15	NGuyen van B	nguyenvanb@gmail.com	09812314213	$2a$10$29tes26NlkS065aoObr79ORf.18gQM6LrPCzhv4YBlGUQWNTuic9K	customer	2024-12-10 22:55:56.696	2024-12-10 22:56:13.356	63cfde70-55d6-42f6-b33f-f5319282d211.png	\N	\N
16	Nhanvien	nhanvien@gmail.com	01293912313	$2a$10$cdArxmEP4emrbaNKrgs9oO1KT2SNN3y32JdUuRJ3qgl.QFo3uPxoG	employee	2024-12-10 22:56:58.988	2024-12-10 22:56:58.988	\N	\N	\N
17	nguyenvanc	nguyenvanc@gmail.com	012938123	$2a$10$sCQ93Caed.OFyynUnhKX5OXajnnLeWtmS/Ib9i6mlD4feglkU0OH6	customer	2024-12-10 22:59:39.489	2024-12-10 23:00:32.068	\N	\N	\N
\.


--
-- Data for Name: wallet_transactions; Type: TABLE DATA; Schema: public; Owner: root
--

COPY public.wallet_transactions (id, wallet_id, transaction_type, amount, status, transaction_date, description, created_at, updated_at) FROM stdin;
\.


--
-- Data for Name: wallets; Type: TABLE DATA; Schema: public; Owner: root
--

COPY public.wallets (id, user_id, balance, created_at, updated_at) FROM stdin;
1	3	100000000	2024-12-02 20:12:21.943	2024-12-02 20:27:10.984
4	5	999000	2024-12-08 21:32:17.693	2024-12-08 21:36:25.699
3	4	12000	2024-12-02 21:40:00.635	2024-12-10 22:54:22.427
5	14	99000	2024-12-10 22:01:19.047	2024-12-10 22:54:22.427
6	15	0	2024-12-10 22:56:00.185	2024-12-10 22:56:00.185
7	17	0	2024-12-10 23:01:32.654	2024-12-10 23:01:32.654
\.


--
-- Data for Name: worker_availability; Type: TABLE DATA; Schema: public; Owner: root
--

COPY public.worker_availability (id, worker_id, available_date, start_time, end_time, created_at, updated_at) FROM stdin;
\.


--
-- Name: contact_id_seq; Type: SEQUENCE SET; Schema: public; Owner: root
--

SELECT pg_catalog.setval('public.contact_id_seq', 2, true);


--
-- Name: feedback_id_seq; Type: SEQUENCE SET; Schema: public; Owner: root
--

SELECT pg_catalog.setval('public.feedback_id_seq', 9, true);


--
-- Name: locations_id_seq; Type: SEQUENCE SET; Schema: public; Owner: root
--

SELECT pg_catalog.setval('public.locations_id_seq', 1, false);


--
-- Name: order_image_id_seq; Type: SEQUENCE SET; Schema: public; Owner: root
--

SELECT pg_catalog.setval('public.order_image_id_seq', 6, true);


--
-- Name: orders_id_seq; Type: SEQUENCE SET; Schema: public; Owner: root
--

SELECT pg_catalog.setval('public.orders_id_seq', 28, true);


--
-- Name: reviews_id_seq; Type: SEQUENCE SET; Schema: public; Owner: root
--

SELECT pg_catalog.setval('public.reviews_id_seq', 1, false);


--
-- Name: service_feedback_id_seq; Type: SEQUENCE SET; Schema: public; Owner: root
--

SELECT pg_catalog.setval('public.service_feedback_id_seq', 3, true);


--
-- Name: services_id_seq; Type: SEQUENCE SET; Schema: public; Owner: root
--

SELECT pg_catalog.setval('public.services_id_seq', 14, true);


--
-- Name: users_id_seq; Type: SEQUENCE SET; Schema: public; Owner: root
--

SELECT pg_catalog.setval('public.users_id_seq', 17, true);


--
-- Name: wallet_transactions_id_seq; Type: SEQUENCE SET; Schema: public; Owner: root
--

SELECT pg_catalog.setval('public.wallet_transactions_id_seq', 1, false);


--
-- Name: wallets_id_seq; Type: SEQUENCE SET; Schema: public; Owner: root
--

SELECT pg_catalog.setval('public.wallets_id_seq', 7, true);


--
-- Name: worker_availability_id_seq; Type: SEQUENCE SET; Schema: public; Owner: root
--

SELECT pg_catalog.setval('public.worker_availability_id_seq', 1, false);


--
-- Name: contact contact_pkey; Type: CONSTRAINT; Schema: public; Owner: root
--

ALTER TABLE ONLY public.contact
    ADD CONSTRAINT contact_pkey PRIMARY KEY (id);


--
-- Name: feedback feedback_pkey; Type: CONSTRAINT; Schema: public; Owner: root
--

ALTER TABLE ONLY public.feedback
    ADD CONSTRAINT feedback_pkey PRIMARY KEY (id);


--
-- Name: locations locations_pkey; Type: CONSTRAINT; Schema: public; Owner: root
--

ALTER TABLE ONLY public.locations
    ADD CONSTRAINT locations_pkey PRIMARY KEY (id);


--
-- Name: order_image order_image_pkey; Type: CONSTRAINT; Schema: public; Owner: root
--

ALTER TABLE ONLY public.order_image
    ADD CONSTRAINT order_image_pkey PRIMARY KEY (id);


--
-- Name: orders orders_pkey; Type: CONSTRAINT; Schema: public; Owner: root
--

ALTER TABLE ONLY public.orders
    ADD CONSTRAINT orders_pkey PRIMARY KEY (id);


--
-- Name: reviews reviews_pkey; Type: CONSTRAINT; Schema: public; Owner: root
--

ALTER TABLE ONLY public.reviews
    ADD CONSTRAINT reviews_pkey PRIMARY KEY (id);


--
-- Name: service_feedback service_feedback_pkey; Type: CONSTRAINT; Schema: public; Owner: root
--

ALTER TABLE ONLY public.service_feedback
    ADD CONSTRAINT service_feedback_pkey PRIMARY KEY (id);


--
-- Name: services services_pkey; Type: CONSTRAINT; Schema: public; Owner: root
--

ALTER TABLE ONLY public.services
    ADD CONSTRAINT services_pkey PRIMARY KEY (id);


--
-- Name: users users_email_key; Type: CONSTRAINT; Schema: public; Owner: root
--

ALTER TABLE ONLY public.users
    ADD CONSTRAINT users_email_key UNIQUE (email);


--
-- Name: users users_phone_number_key; Type: CONSTRAINT; Schema: public; Owner: root
--

ALTER TABLE ONLY public.users
    ADD CONSTRAINT users_phone_number_key UNIQUE (phone_number);


--
-- Name: users users_pkey; Type: CONSTRAINT; Schema: public; Owner: root
--

ALTER TABLE ONLY public.users
    ADD CONSTRAINT users_pkey PRIMARY KEY (id);


--
-- Name: wallet_transactions wallet_transactions_pkey; Type: CONSTRAINT; Schema: public; Owner: root
--

ALTER TABLE ONLY public.wallet_transactions
    ADD CONSTRAINT wallet_transactions_pkey PRIMARY KEY (id);


--
-- Name: wallets wallets_pkey; Type: CONSTRAINT; Schema: public; Owner: root
--

ALTER TABLE ONLY public.wallets
    ADD CONSTRAINT wallets_pkey PRIMARY KEY (id);


--
-- Name: wallets wallets_user_id_key; Type: CONSTRAINT; Schema: public; Owner: root
--

ALTER TABLE ONLY public.wallets
    ADD CONSTRAINT wallets_user_id_key UNIQUE (user_id);


--
-- Name: worker_availability worker_availability_pkey; Type: CONSTRAINT; Schema: public; Owner: root
--

ALTER TABLE ONLY public.worker_availability
    ADD CONSTRAINT worker_availability_pkey PRIMARY KEY (id);


--
-- Name: service_feedback fk8557kk4dggx3dp1vpcn7pdn99; Type: FK CONSTRAINT; Schema: public; Owner: root
--

ALTER TABLE ONLY public.service_feedback
    ADD CONSTRAINT fk8557kk4dggx3dp1vpcn7pdn99 FOREIGN KEY (service_id) REFERENCES public.services(id);


--
-- Name: service_feedback fkbgol5no6m65q94i95xkurgjfi; Type: FK CONSTRAINT; Schema: public; Owner: root
--

ALTER TABLE ONLY public.service_feedback
    ADD CONSTRAINT fkbgol5no6m65q94i95xkurgjfi FOREIGN KEY (user_id) REFERENCES public.users(id);


--
-- Name: services fkdv0d9kg6kwl3pcv8h1cqcf43k; Type: FK CONSTRAINT; Schema: public; Owner: root
--

ALTER TABLE ONLY public.services
    ADD CONSTRAINT fkdv0d9kg6kwl3pcv8h1cqcf43k FOREIGN KEY (customer_id) REFERENCES public.users(id);


--
-- Name: order_image fkfseu0k81xdau8b32ewb9r4jyf; Type: FK CONSTRAINT; Schema: public; Owner: root
--

ALTER TABLE ONLY public.order_image
    ADD CONSTRAINT fkfseu0k81xdau8b32ewb9r4jyf FOREIGN KEY (order_id) REFERENCES public.orders(id);


--
-- Name: orders fkgd67qo7p9pvyabrt03jamvni5; Type: FK CONSTRAINT; Schema: public; Owner: root
--

ALTER TABLE ONLY public.orders
    ADD CONSTRAINT fkgd67qo7p9pvyabrt03jamvni5 FOREIGN KEY (employee_id) REFERENCES public.users(id);


--
-- Name: orders fkj7bkj6q0u3681uv3bvq21316i; Type: FK CONSTRAINT; Schema: public; Owner: root
--

ALTER TABLE ONLY public.orders
    ADD CONSTRAINT fkj7bkj6q0u3681uv3bvq21316i FOREIGN KEY (service_id) REFERENCES public.services(id);


--
-- Name: feedback fkpwwmhguqianghvi1wohmtsm8l; Type: FK CONSTRAINT; Schema: public; Owner: root
--

ALTER TABLE ONLY public.feedback
    ADD CONSTRAINT fkpwwmhguqianghvi1wohmtsm8l FOREIGN KEY (user_id) REFERENCES public.users(id);


--
-- Name: orders fksjfs85qf6vmcurlx43cnc16gy; Type: FK CONSTRAINT; Schema: public; Owner: root
--

ALTER TABLE ONLY public.orders
    ADD CONSTRAINT fksjfs85qf6vmcurlx43cnc16gy FOREIGN KEY (customer_id) REFERENCES public.users(id);


--
-- Name: locations locations_user_id_fkey; Type: FK CONSTRAINT; Schema: public; Owner: root
--

ALTER TABLE ONLY public.locations
    ADD CONSTRAINT locations_user_id_fkey FOREIGN KEY (user_id) REFERENCES public.users(id) ON DELETE CASCADE;


--
-- Name: reviews reviews_customer_id_fkey; Type: FK CONSTRAINT; Schema: public; Owner: root
--

ALTER TABLE ONLY public.reviews
    ADD CONSTRAINT reviews_customer_id_fkey FOREIGN KEY (customer_id) REFERENCES public.users(id) ON DELETE CASCADE;


--
-- Name: reviews reviews_worker_id_fkey; Type: FK CONSTRAINT; Schema: public; Owner: root
--

ALTER TABLE ONLY public.reviews
    ADD CONSTRAINT reviews_worker_id_fkey FOREIGN KEY (worker_id) REFERENCES public.users(id) ON DELETE CASCADE;


--
-- Name: wallet_transactions wallet_transactions_wallet_id_fkey; Type: FK CONSTRAINT; Schema: public; Owner: root
--

ALTER TABLE ONLY public.wallet_transactions
    ADD CONSTRAINT wallet_transactions_wallet_id_fkey FOREIGN KEY (wallet_id) REFERENCES public.wallets(id) ON DELETE CASCADE;


--
-- Name: wallets wallets_user_id_fkey; Type: FK CONSTRAINT; Schema: public; Owner: root
--

ALTER TABLE ONLY public.wallets
    ADD CONSTRAINT wallets_user_id_fkey FOREIGN KEY (user_id) REFERENCES public.users(id) ON DELETE CASCADE;


--
-- Name: worker_availability worker_availability_worker_id_fkey; Type: FK CONSTRAINT; Schema: public; Owner: root
--

ALTER TABLE ONLY public.worker_availability
    ADD CONSTRAINT worker_availability_worker_id_fkey FOREIGN KEY (worker_id) REFERENCES public.users(id) ON DELETE CASCADE;


--
-- PostgreSQL database dump complete
--

